{
    "name": "PlaneGeometry.2", 
    "uvs": [], 
    "skinIndices": [], 
    "metadata": {
        "uvs": 0, 
        "vertices": 8, 
        "generator": "io_three", 
        "faces": 6, 
        "type": "Geometry", 
        "version": 3, 
        "colors": 0, 
        "materials": 1, 
        "normals": 8
    }, 
    "influencesPerVertex": 2, 
    "vertices": [-47.382, -0.137759, 24.3112, 50.8521, -0.137759, 24.3112, -47.382, -0.137761, -29.1694, 50.8521, -0.137761, -29.1694, -47.382, -37.0039, 24.3112, 50.8521, -37.0039, 24.3112, -47.382, -37.0039, -29.1694, 50.8521, -37.0039, -29.1694], 
    "colors": [], 
    "materials": [{
        "wireframe": false, 
        "colorEmissive": [0, 0, 0], 
        "depthTest": true, 
        "specularCoef": 50, 
        "DbgName": "Tree", 
        "opacity": 1, 
        "DbgIndex": 0, 
        "blending": "NormalBlending", 
        "DbgColor": 15658734, 
        "shading": "phong", 
        "depthWrite": true, 
        "colorSpecular": [0.5, 0.5, 0.5], 
        "transparent": false, 
        "vertexColors": false, 
        "colorDiffuse": [0.64, 0.64, 0.64], 
        "visible": true, 
        "colorAmbient": [0.64, 0.64, 0.64]
    }], 
    "skinWeights": [], 
    "faces": [35, 0, 1, 3, 2, 0, 0, 1, 2, 3, 35, 4, 6, 7, 5, 0, 4, 5, 6, 7, 35, 3, 7, 6, 2, 0, 2, 6, 5, 3, 35, 1, 5, 7, 3, 0, 1, 7, 6, 2, 35, 0, 4, 5, 1, 0, 0, 4, 7, 1, 35, 4, 0, 2, 6, 0, 4, 0, 3, 5], 
    "normals": [-0.577349, 0.577349, 0.577349, 0.577349, 0.577349, 0.577349, 0.577349, 0.577349, -0.577349, -0.577349, 0.577349, -0.577349, -0.577349, -0.577349, 0.577349, -0.577349, -0.577349, -0.577349, 0.577349, -0.577349, -0.577349, 0.577349, -0.577349, 0.577349]
}