{
    "name": "Cone.001Geometry.3", 
    "uvs": [], 
    "skinIndices": [], 
    "metadata": {
        "uvs": 0, 
        "vertices": 90, 
        "generator": "io_three", 
        "faces": 150, 
        "type": "Geometry", 
        "version": 3, 
        "colors": 0, 
        "materials": 2, 
        "normals": 88
    }, 
    "influencesPerVertex": 2, 
    "vertices": [194.739, -31.5196, 38.553, 157.177, -136.861, -10.8166, 189.89, -31.7679, -34.9603, 148.587, -0.439285, -44.101, 179.318, -33.3964, 95.9292, 121.288, -171.587, -35.7847, 146.209, 2.43247, 42.5608, 162.199, -33.7243, -87.3656, 127.849, -104.388, 31.899, 128.796, -293.641, 81.1598, 89.0801, -1.7375, 6.19508, 138.096, -31.9026, -105.639, 103.777, -0.474121, 97.4612, 109.973, -30.5063, 144.61, 48.4445, -330.978, 10.3199, 110.301, -126.046, -68.3426, 72.422, 12.4413, -19.3895, 111.693, 1.04015, -85.2768, 41.7333, -89.3436, 64.7721, 37.7982, -237.085, 128.333, 58.7243, -187.095, -49.494, 50.8521, 8.69989, 12.1921, 50.8521, 12.4313, 1.26687, 34.3571, -2.97856, 45.8674, 91.9716, 0.458282, -50.7196, 128.449, -36.2011, -71.6541, 97.8374, 19.0337, 118.535, 77.5305, -34.5669, 160.238, 30.2608, -272.522, 27.0088, 15.1269, -249.528, -72.4938, 133.287, -62.294, -173.355, 36.3064, 7.55075, 24.3112, 50.8521, 2.39151, 24.3112, 73.6663, -30.9004, -21.8749, 50.8521, -3.78857, 0.782694, 50.8521, 0, 0.895787, 66.0589, 6.33189, 91.6877, 116.999, -16.5372, -113.409, 41.3224, -136.508, 108.067, -36.0149, -171.739, 16.7126, 27.7178, -132.036, -88.7548, 18.7398, -143.613, -49.4538, 24.4224, 10.8601, 24.3112, -26.9538, 4.57227, 64.4064, 50.8521, 0, 2.8035, 96.7944, 11.7797, -7.41877, 50.8521, 12.2772, 9.35206, 14.4216, 0.259995, 112.319, 18.696, 16.2617, -108.684, 4.96776, -32.8819, 157.934, 1.18932, -167.028, 92.9103, -78.8307, -150.663, 62.9996, -42.804, -139.338, -11.5966, -59.7318, -31.904, -90.3784, 13.7328, -7.53961, -158.779, 5.10719, 2.86942, 24.3112, -18.4353, -4.1384, 31.6294, 50.8521, 1.64769, -9.71234, -75.9627, -31.7241, 92.2796, -115.218, -27.8098, 43.7137, 8.30477, -29.884, -130.414, -1.41474, 3.1e-05, 24.3112, -10.6133, -4.04698, 24.3112, -63.0485, -2.25813, 34.98, 32.9817, 18.066, -74.0209, 28.7485, 2.66531, -29.1694, 50.8521, 7.89424, -29.1694, -102.059, -30.9202, -26.2218, -8.31096, 1.23233, -81.3497, -42.104, -2.57182, 24.3112, 17.8618, -2.35228, -29.1694, 22.9656, 0, -29.1694, -47.8522, -3.64479, -38.3896, -35.941, 32.2233, -69.2532, -22.7362, -3.6322, -29.1694, -47.382, -2.54027, 24.3112, -47.382, -3.48479, -29.1694, 15.3708, 0, -29.1694, 7.31244, 7.60989, -29.1694, -13.0278, 0, -29.1694, 50.8521, 0, -29.1694, 50.8521, -21.9774, -29.1694, -47.382, -21.9774, -29.1694, -47.382, -36.8661, -29.1694, 50.8521, -36.8661, -29.1694, -47.382, -21.9773, 24.3112, -47.382, -36.8661, 24.3112, 50.8521, -36.8661, 24.3112, 50.8521, -21.9773, 24.3112, 50.8521, 3.1e-05, 24.3112], 
    "colors": [], 
    "materials": [{
        "wireframe": false, 
        "colorEmissive": [0, 0, 0], 
        "depthTest": true, 
        "DbgName": "Ground", 
        "opacity": 1, 
        "DbgIndex": 0, 
        "blending": "NormalBlending", 
        "DbgColor": 15658734, 
        "shading": "lambert", 
        "depthWrite": true, 
        "transparent": false, 
        "vertexColors": false, 
        "colorDiffuse": [0.088551, 0.049098, 0.02954], 
        "visible": true, 
        "colorAmbient": [0.088551, 0.049098, 0.02954]
    }, {
        "wireframe": false, 
        "colorEmissive": [0, 0, 0], 
        "depthTest": true, 
        "specularCoef": 50, 
        "DbgName": "Grass", 
        "opacity": 1, 
        "DbgIndex": 1, 
        "blending": "NormalBlending", 
        "DbgColor": 15597568, 
        "shading": "phong", 
        "depthWrite": true, 
        "colorSpecular": [0.615044, 0.615044, 0.615044], 
        "transparent": false, 
        "vertexColors": false, 
        "colorDiffuse": [0.064323, 0.64, 0.010034], 
        "visible": true, 
        "colorAmbient": [0.064323, 0.64, 0.010034]
    }], 
    "skinWeights": [],