{
    "name": "IcosphereGeometry.1", 
    "uvs": [], 
    "skinIndices": [], 
    "metadata": {
        "uvs": 0, 
        "vertices": 102, 
        "generator": "io_three", 
        "faces": 142, 
        "type": "Geometry", 
        "version": 3, 
        "colors": 0, 
        "materials": 2, 
        "normals": 102
    }, 
    "influencesPerVertex": 2, 
    "vertices": [130.613, 33.4375, -2.40761, 133.002, 33.5998, -3.2032, 134.42, 35.5356, -4.13569, 132.097, 35.0465, -5.13054, 129.02, 35.4247, -3.55536, 130.477, 37.3134, -5.18083, 132.252, 37.9835, -5.23202, 135.196, 35.6518, -2.07441, 132.157, 33.8579, -0.118279, 128.513, 36.8055, -2.35705, 128.95, 36.8603, -0.102527, 129.791, 39.1729, -3.08223, 133.734, 38.9367, -3.90624, 131.555, 35.2861, 0.976176, 131.178, 39.9582, -2.05339, 135.004, 36.9574, -0.404014, 131.951, 38.386, 0.973887, 133.68, 39.4975, -1.65356, 134.445, 29.4309, 0.439324, 132.349, 31.0485, 2.39847, 132.56, 33.9347, 4.10504, 134.986, 31.6294, 4.39684, 137.904, 30.3071, 1.18328, 138.285, 33.0235, 3.76542, 136.925, 34.941, 4.54336, 131.109, 35.013, 1.86518, 132.328, 31.407, -1.77403, 138.982, 31.7342, -0.528944, 137.773, 32.558, -3.14553, 139.57, 35.0442, 0.857368, 135.585, 37.2608, 3.49147, 133.574, 32.8009, -3.3969, 138.315, 37.0535, 0.137044, 131.64, 36.6671, -0.302611, 135.341, 36.4749, -3.27691, 135.245, 38.31, 0.668948, 131.949, 32.6721, -9.14481, 133.376, 31.4975, -5.80063, 136.972, 31.4718, -4.29795, 136.336, 30.0141, -7.85604, 134.907, 32.6751, -12.1668, 138.918, 31.6849, -10.7434, 140.343, 31.9199, -8.26056, 135.957, 34.2407, -2.73253, 131.401, 35.8877, -6.45408, 135.787, 35.2935, -12.9531, 134.465, 38.3098, -11.8359, 139.776, 35.8606, -11.7039, 141.133, 34.224, -5.9771, 132.388, 38.4091, -7.41298, 140.516, 37.6585, -9.58995, 136.509, 37.4093, -2.93555, 136.612, 40.5392, -7.47129, 140.344, 37.638, -5.69659, 135.499, -3.48764, -16.0512, 133.837, 5.19883, -14.6058, 133.561, 5.19883, -10.6408, 135.006, -3.48764, -8.97891, 128.427, -3.48764, -16.544, 129.872, 5.19883, -14.8821, 129.596, 5.19883, -10.9171, 127.934, -3.48764, -9.47172, 137.538, 17.8325, -7.68259, 137.981, 17.1888, -6.03617, 135.286, 17.1887, -9.13488, 134.452, 17.0777, -6.58553, 132.161, 25.5755, -11.5011, 132.397, 26.031, -9.83776, 131.101, 25.5755, -11.575, 131.666, 26.031, -9.88869, 136.093, 29.461, -12.1529, 135.989, 29.461, -10.6497, 134.59, 29.461, -12.2576, 134.485, 29.461, -10.7544, 133.431, 25.3686, -8.16241, 133.688, 24.6148, -9.45229, 132.438, 25.3686, -8.23165, 132.247, 24.6148, -9.5527, 131.113, 31.1292, -2.9148, 130.754, 31.1292, -2.9398, 131.621, 30.8041, -2.09249, 131.133, 30.8041, -2.12647, 131.461, 34.2799, -3.08675, 131.105, 34.2866, -3.03771, 132.136, 34.3945, -2.3313, 131.652, 34.4035, -2.26464, 136.775, 32.4633, -8.84352, 136.724, 32.4633, -8.12204, 136.053, 32.4633, -8.89379, 136.003, 32.4633, -8.17231, 135.939, 18.6897, -6.41729, 134.801, 18.7643, -6.32169, 134.763, 18.2064, -9.20439, 136.753, 18.6918, -7.64894, 135.791, 24.091, 0.331637, 134.5, 23.9448, 0.722816, 135.226, 25.2186, 0.570689, 134.038, 24.8193, 0.913365, 136.849, 29.5684, 0.546426, 135.622, 29.6604, 0.900855, 136.354, 30.623, 0.213734, 135.215, 30.4813, 0.646444], 
    "colors": [], 
    "materials": [{
        "wireframe": false, 
        "colorEmissive": [0, 0, 0], 
        "depthTest": true, 
        "specularCoef": 50, 
        "DbgName": "Trunk", 
        "opacity": 1, 
        "DbgIndex": 0, 
        "blending": "NormalBlending", 
        "DbgColor": 15658734, 
        "shading": "phong", 
        "depthWrite": true, 
        "colorSpecular": [0.5, 0.5, 0.5], 
        "transparent": false, 
        "vertexColors": false, 
        "colorDiffuse": [0.351726, 0.351726, 0.351726], 
        "visible": true, 
        "colorAmbient": [0.351726, 0.351726, 0.351726]
    }, {
        "wireframe": false, 
        "colorEmissive": [0, 0, 0], 
        "depthTest": true, 
        "specularCoef": 50, 
        "DbgName": "Leaves", 
        "opacity": 1, 
        "DbgIndex": 1, 
        "blending": "NormalBlending", 
        "DbgColor": 15597568, 
        "shading": "phong", 
        "depthWrite": true, 
        "colorSpecular": [0.5, 0.5, 0.5], 
        "transparent": false, 
        "vertexColors": false, 
        "colorDiffuse": [0.639282, 0.104109, 0.43658], 
        "visible": true, 
        "colorAmbient": [0.639282, 0.104109, 0.43658]
    }], 
    "skinWeights": [],